userId,factId,rating
100,50,5
100,51,5
100,52,5
100,53,5
100,54,1
100,55,1
100,56,1
100,57,1
100,58,1
100,59,1
100,60,1
100,14,5
100,20,5
100,11,5
100,4,4
100,12,1
101,50,5
101,51,5
101,52,5
101,53,5
101,54,1
101,55,1
101,56,1
101,57,1
101,58,1
101,59,1
101,60,1
101,12,1
101,1,4
101,11,5
101,7,2.5
101,3,1
102,50,5
102,51,5
102,52,5
102,53,5
102,54,1
102,55,1
102,56,1
102,57,1
102,58,1
102,59,1
102,60,1
102,2,4
102,3,1
102,8,4
102,9,2.5
102,19,4
103,50,5
103,51,5
103,52,5
103,53,5
103,54,1
103,55,1
103,56,1
103,57,1
103,58,1
103,59,1
103,60,1
103,17,1
103,13,2.5
103,3,1
103,1,4
103,6,2.5
104,50,5
104,51,5
104,52,5
104,53,5
104,54,1
104,55,1
104,56,1
104,57,1
104,58,1
104,59,1
104,60,1
104,10,4
104,10,4
104,6,2.5
104,20,5
104,1,4
105,50,5
105,51,5
105,52,5
105,53,5
105,54,1
105,55,1
105,56,1
105,57,1
105,58,1
105,59,1
105,60,1
105,12,1
105,14,5
105,4,4
105,13,2.5
105,17,1
106,50,5
106,51,5
106,52,5
106,53,5
106,54,1
106,55,1
106,56,1
106,57,1
106,58,1
106,59,1
106,60,1
106,10,4
106,20,5
106,13,2.5
106,7,2.5
106,12,1
107,50,5
107,51,5
107,52,5
107,53,5
107,54,1
107,55,1
107,56,1
107,57,1
107,58,1
107,59,1
107,60,1
107,7,2.5
107,3,1
107,12,1
107,7,2.5
107,9,2.5
108,50,5
108,51,5
108,52,5
108,53,5
108,54,1
108,55,1
108,56,1
108,57,1
108,58,1
108,59,1
108,60,1
108,17,1
108,1,4
108,15,4
108,9,2.5
108,17,1
109,50,5
109,51,5
109,52,5
109,53,5
109,54,1
109,55,1
109,56,1
109,57,1
109,58,1
109,59,1
109,60,1
109,18,1
109,6,2.5
109,16,4
109,11,5
109,17,1
110,50,5
110,51,5
110,52,5
110,53,5
110,54,1
110,55,1
110,56,1
110,57,1
110,58,1
110,59,1
110,60,1
110,8,4
110,10,4
110,1,4
110,6,2.5
110,6,2.5
111,50,5
111,51,5
111,52,5
111,53,5
111,54,1
111,55,1
111,56,1
111,57,1
111,58,1
111,59,1
111,60,1
111,3,1
111,15,4
111,9,2.5
111,3,1
111,11,5
112,50,5
112,51,5
112,52,5
112,53,5
112,54,1
112,55,1
112,56,1
112,57,1
112,58,1
112,59,1
112,60,1
112,7,2.5
112,1,4
112,10,4
112,8,4
112,3,1
113,50,5
113,51,5
113,52,5
113,53,5
113,54,1
113,55,1
113,56,1
113,57,1
113,58,1
113,59,1
113,60,1
113,7,2.5
113,7,2.5
113,19,4
113,7,2.5
113,18,1
114,50,5
114,51,5
114,52,5
114,53,5
114,54,1
114,55,1
114,56,1
114,57,1
114,58,1
114,59,1
114,60,1
114,1,4
114,7,2.5
114,2,4
114,13,2.5
114,14,5
115,50,5
115,51,5
115,52,5
115,53,5
115,54,1
115,55,1
115,56,1
115,57,1
115,58,1
115,59,1
115,60,1
115,8,4
115,18,1
115,10,4
115,20,5
115,20,5
116,50,5
116,51,5
116,52,5
116,53,5
116,54,1
116,55,1
116,56,1
116,57,1
116,58,1
116,59,1
116,60,1
116,12,1
116,15,4
116,16,4
116,15,4
116,17,1
117,50,5
117,51,5
117,52,5
117,53,5
117,54,1
117,55,1
117,56,1
117,57,1
117,58,1
117,59,1
117,60,1
117,1,4
117,18,1
117,17,1
117,19,4
117,5,1
118,50,5
118,51,5
118,52,5
118,53,5
118,54,1
118,55,1
118,56,1
118,57,1
118,58,1
118,59,1
118,60,1
118,2,4
118,9,2.5
118,14,5
118,9,2.5
118,15,4
119,50,5
119,51,5
119,52,5
119,53,5
119,54,1
119,55,1
119,56,1
119,57,1
119,58,1
119,59,1
119,60,1
119,14,5
119,4,4
119,7,2.5
119,2,4
119,13,2.5
120,50,5
120,51,5
120,52,5
120,53,5
120,54,1
120,55,1
120,56,1
120,57,1
120,58,1
120,59,1
120,60,1
120,3,1
120,12,1
120,11,5
120,1,4
120,5,1
121,50,5
121,51,5
121,52,5
121,53,5
121,54,1
121,55,1
121,56,1
121,57,1
121,58,1
121,59,1
121,60,1
121,19,4
121,20,5
121,13,2.5
121,20,5
121,17,1
122,50,5
122,51,5
122,52,5
122,53,5
122,54,1
122,55,1
122,56,1
122,57,1
122,58,1
122,59,1
122,60,1
122,13,2.5
122,7,2.5
122,9,2.5
122,5,1
122,13,2.5
123,50,5
123,51,5
123,52,5
123,53,5
123,54,1
123,55,1
123,56,1
123,57,1
123,58,1
123,59,1
123,60,1
123,2,4
123,2,4
123,15,4
123,18,1
123,19,4
124,50,5
124,51,5
124,52,5
124,53,5
124,54,1
124,55,1
124,56,1
124,57,1
124,58,1
124,59,1
124,60,1
124,10,4
124,4,4
124,15,4
124,11,5
124,16,4
125,50,5
125,51,5
125,52,5
125,53,5
125,54,1
125,55,1
125,56,1
125,57,1
125,58,1
125,59,1
125,60,1
125,18,1
125,5,1
125,2,4
125,11,5
125,6,2.5
126,50,5
126,51,5
126,52,5
126,53,5
126,54,1
126,55,1
126,56,1
126,57,1
126,58,1
126,59,1
126,60,1
126,17,1
126,5,1
126,4,4
126,19,4
126,5,1
127,50,5
127,51,5
127,52,5
127,53,5
127,54,1
127,55,1
127,56,1
127,57,1
127,58,1
127,59,1
127,60,1
127,3,1
127,19,4
127,3,1
127,14,5
127,19,4
128,50,5
128,51,5
128,52,5
128,53,5
128,54,1
128,55,1
128,56,1
128,57,1
128,58,1
128,59,1
128,60,1
128,13,2.5
128,6,2.5
128,20,5
128,5,1
128,19,4
129,50,5
129,51,5
129,52,5
129,53,5
129,54,1
129,55,1
129,56,1
129,57,1
129,58,1
129,59,1
129,60,1
129,17,1
129,17,1
129,19,4
129,2,4
129,13,2.5
130,50,5
130,51,5
130,52,5
130,53,5
130,54,1
130,55,1
130,56,1
130,57,1
130,58,1
130,59,1
130,60,1
130,7,2.5
130,1,4
130,4,4
130,6,2.5
130,15,4
131,50,5
131,51,5
131,52,5
131,53,5
131,54,1
131,55,1
131,56,1
131,57,1
131,58,1
131,59,1
131,60,1
131,15,4
131,8,4
131,16,4
131,11,5
131,19,4
132,50,5
132,51,5
132,52,5
132,53,5
132,54,1
132,55,1
132,56,1
132,57,1
132,58,1
132,59,1
132,60,1
132,15,4
132,10,4
132,9,2.5
132,9,2.5
132,20,5
133,50,5
133,51,5
133,52,5
133,53,5
133,54,1
133,55,1
133,56,1
133,57,1
133,58,1
133,59,1
133,60,1
133,7,2.5
133,17,1
133,3,1
133,14,5
133,19,4
134,50,5
134,51,5
134,52,5
134,53,5
134,54,1
134,55,1
134,56,1
134,57,1
134,58,1
134,59,1
134,60,1
134,14,5
134,20,5
134,1,4
134,1,4
134,5,1
135,50,5
135,51,5
135,52,5
135,53,5
135,54,1
135,55,1
135,56,1
135,57,1
135,58,1
135,59,1
135,60,1
135,15,4
135,20,5
135,14,5
135,9,2.5
135,1,4
136,50,5
136,51,5
136,52,5
136,53,5
136,54,1
136,55,1
136,56,1
136,57,1
136,58,1
136,59,1
136,60,1
136,9,2.5
136,6,2.5
136,13,2.5
136,2,4
136,19,4
137,50,5
137,51,5
137,52,5
137,53,5
137,54,1
137,55,1
137,56,1
137,57,1
137,58,1
137,59,1
137,60,1
137,3,1
137,5,1
137,15,4
137,8,4
137,9,2.5
138,50,5
138,51,5
138,52,5
138,53,5
138,54,1
138,55,1
138,56,1
138,57,1
138,58,1
138,59,1
138,60,1
138,19,4
138,9,2.5
138,6,2.5
138,10,4
138,4,4
139,50,5
139,51,5
139,52,5
139,53,5
139,54,1
139,55,1
139,56,1
139,57,1
139,58,1
139,59,1
139,60,1
139,1,4
139,8,4
139,14,5
139,9,2.5
139,7,2.5
140,50,5
140,51,5
140,52,5
140,53,5
140,54,1
140,55,1
140,56,1
140,57,1
140,58,1
140,59,1
140,60,1
140,1,4
140,14,5
140,1,4
140,3,1
140,11,5
141,50,5
141,51,5
141,52,5
141,53,5
141,54,1
141,55,1
141,56,1
141,57,1
141,58,1
141,59,1
141,60,1
141,14,5
141,20,5
141,2,4
141,16,4
141,2,4
142,50,5
142,51,5
142,52,5
142,53,5
142,54,1
142,55,1
142,56,1
142,57,1
142,58,1
142,59,1
142,60,1
142,4,4
142,2,4
142,14,5
142,3,1
142,4,4
143,50,5
143,51,5
143,52,5
143,53,5
143,54,1
143,55,1
143,56,1
143,57,1
143,58,1
143,59,1
143,60,1
143,8,4
143,5,1
143,2,4
143,8,4
143,18,1
144,50,5
144,51,5
144,52,5
144,53,5
144,54,1
144,55,1
144,56,1
144,57,1
144,58,1
144,59,1
144,60,1
144,9,2.5
144,2,4
144,4,4
144,14,5
144,4,4
145,50,5
145,51,5
145,52,5
145,53,5
145,54,1
145,55,1
145,56,1
145,57,1
145,58,1
145,59,1
145,60,1
145,4,4
145,5,1
145,10,4
145,5,1
145,16,4
146,50,5
146,51,5
146,52,5
146,53,5
146,54,1
146,55,1
146,56,1
146,57,1
146,58,1
146,59,1
146,60,1
146,4,4
146,15,4
146,6,2.5
146,20,5
146,3,1
147,50,5
147,51,5
147,52,5
147,53,5
147,54,1
147,55,1
147,56,1
147,57,1
147,58,1
147,59,1
147,60,1
147,13,2.5
147,18,1
147,10,4
147,14,5
147,16,4
148,50,5
148,51,5
148,52,5
148,53,5
148,54,1
148,55,1
148,56,1
148,57,1
148,58,1
148,59,1
148,60,1
148,16,4
148,15,4
148,18,1
148,11,5
148,10,4
149,50,5
149,51,5
149,52,5
149,53,5
149,54,1
149,55,1
149,56,1
149,57,1
149,58,1
149,59,1
149,60,1
149,5,1
149,13,2.5
149,4,4
149,20,5
149,19,4
150,50,5
150,51,5
150,52,5
150,53,5
150,54,1
150,55,1
150,56,1
150,57,1
150,58,1
150,59,1
150,60,1
150,5,1
150,17,1
150,5,1
150,4,4
150,14,5
151,50,5
151,51,5
151,52,5
151,53,5
151,54,1
151,55,1
151,56,1
151,57,1
151,58,1
151,59,1
151,60,1
151,5,1
151,19,4
151,17,1
151,3,1
151,3,1
152,50,5
152,51,5
152,52,5
152,53,5
152,54,1
152,55,1
152,56,1
152,57,1
152,58,1
152,59,1
152,60,1
152,6,2.5
152,7,2.5
152,7,2.5
152,9,2.5
152,18,1
153,50,5
153,51,5
153,52,5
153,53,5
153,54,1
153,55,1
153,56,1
153,57,1
153,58,1
153,59,1
153,60,1
153,13,2.5
153,14,5
153,1,4
153,10,4
153,18,1
154,50,5
154,51,5
154,52,5
154,53,5
154,54,1
154,55,1
154,56,1
154,57,1
154,58,1
154,59,1
154,60,1
154,20,5
154,14,5
154,2,4
154,18,1
154,6,2.5
155,50,5
155,51,5
155,52,5
155,53,5
155,54,1
155,55,1
155,56,1
155,57,1
155,58,1
155,59,1
155,60,1
155,11,5
155,12,1
155,6,2.5
155,10,4
155,11,5
156,50,5
156,51,5
156,52,5
156,53,5
156,54,1
156,55,1
156,56,1
156,57,1
156,58,1
156,59,1
156,60,1
156,17,1
156,2,4
156,19,4
156,4,4
156,1,4
157,50,5
157,51,5
157,52,5
157,53,5
157,54,1
157,55,1
157,56,1
157,57,1
157,58,1
157,59,1
157,60,1
157,18,1
157,12,1
157,1,4
157,19,4
157,17,1
158,50,5
158,51,5
158,52,5
158,53,5
158,54,1
158,55,1
158,56,1
158,57,1
158,58,1
158,59,1
158,60,1
158,18,1
158,11,5
158,15,4
158,11,5
158,17,1
159,50,5
159,51,5
159,52,5
159,53,5
159,54,1
159,55,1
159,56,1
159,57,1
159,58,1
159,59,1
159,60,1
159,3,1
159,5,1
159,12,1
159,11,5
159,19,4
160,50,5
160,51,5
160,52,5
160,53,5
160,54,1
160,55,1
160,56,1
160,57,1
160,58,1
160,59,1
160,60,1
160,1,4
160,7,2.5
160,7,2.5
160,20,5
160,18,1
161,50,5
161,51,5
161,52,5
161,53,5
161,54,1
161,55,1
161,56,1
161,57,1
161,58,1
161,59,1
161,60,1
161,4,4
161,5,1
161,17,1
161,5,1
161,20,5
162,50,5
162,51,5
162,52,5
162,53,5
162,54,1
162,55,1
162,56,1
162,57,1
162,58,1
162,59,1
162,60,1
162,9,2.5
162,13,2.5
162,19,4
162,7,2.5
162,20,5
163,50,5
163,51,5
163,52,5
163,53,5
163,54,1
163,55,1
163,56,1
163,57,1
163,58,1
163,59,1
163,60,1
163,2,4
163,7,2.5
163,12,1
163,17,1
163,11,5
164,50,5
164,51,5
164,52,5
164,53,5
164,54,1
164,55,1
164,56,1
164,57,1
164,58,1
164,59,1
164,60,1
164,15,4
164,16,4
164,17,1
164,3,1
164,12,1
165,50,5
165,51,5
165,52,5
165,53,5
165,54,1
165,55,1
165,56,1
165,57,1
165,58,1
165,59,1
165,60,1
165,1,4
165,10,4
165,12,1
165,10,4
165,9,2.5
166,50,5
166,51,5
166,52,5
166,53,5
166,54,1
166,55,1
166,56,1
166,57,1
166,58,1
166,59,1
166,60,1
166,6,2.5
166,18,1
166,15,4
166,11,5
166,9,2.5
167,50,5
167,51,5
167,52,5
167,53,5
167,54,1
167,55,1
167,56,1
167,57,1
167,58,1
167,59,1
167,60,1
167,1,4
167,11,5
167,3,1
167,14,5
167,1,4
168,50,5
168,51,5
168,52,5
168,53,5
168,54,1
168,55,1
168,56,1
168,57,1
168,58,1
168,59,1
168,60,1
168,14,5
168,20,5
168,12,1
168,1,4
168,2,4
169,50,5
169,51,5
169,52,5
169,53,5
169,54,1
169,55,1
169,56,1
169,57,1
169,58,1
169,59,1
169,60,1
169,5,1
169,17,1
169,18,1
169,8,4
169,5,1
170,50,5
170,51,5
170,52,5
170,53,5
170,54,1
170,55,1
170,56,1
170,57,1
170,58,1
170,59,1
170,60,1
170,15,4
170,9,2.5
170,11,5
170,20,5
170,7,2.5
171,50,5
171,51,5
171,52,5
171,53,5
171,54,1
171,55,1
171,56,1
171,57,1
171,58,1
171,59,1
171,60,1
171,1,4
171,5,1
171,18,1
171,15,4
171,7,2.5
172,50,5
172,51,5
172,52,5
172,53,5
172,54,1
172,55,1
172,56,1
172,57,1
172,58,1
172,59,1
172,60,1
172,6,2.5
172,4,4
172,14,5
172,14,5
172,4,4
173,50,5
173,51,5
173,52,5
173,53,5
173,54,1
173,55,1
173,56,1
173,57,1
173,58,1
173,59,1
173,60,1
173,16,4
173,16,4
173,16,4
173,4,4
173,6,2.5
174,50,5
174,51,5
174,52,5
174,53,5
174,54,1
174,55,1
174,56,1
174,57,1
174,58,1
174,59,1
174,60,1
174,7,2.5
174,12,1
174,2,4
174,8,4
174,12,1
175,50,5
175,51,5
175,52,5
175,53,5
175,54,1
175,55,1
175,56,1
175,57,1
175,58,1
175,59,1
175,60,1
175,15,4
175,10,4
175,9,2.5
175,9,2.5
175,2,4
176,50,5
176,51,5
176,52,5
176,53,5
176,54,1
176,55,1
176,56,1
176,57,1
176,58,1
176,59,1
176,60,1
176,10,4
176,16,4
176,6,2.5
176,1,4
176,13,2.5
177,50,5
177,51,5
177,52,5
177,53,5
177,54,1
177,55,1
177,56,1
177,57,1
177,58,1
177,59,1
177,60,1
177,18,1
177,2,4
177,9,2.5
177,11,5
177,2,4
178,50,5
178,51,5
178,52,5
178,53,5
178,54,1
178,55,1
178,56,1
178,57,1
178,58,1
178,59,1
178,60,1
178,10,4
178,5,1
178,4,4
178,7,2.5
178,20,5
179,50,5
179,51,5
179,52,5
179,53,5
179,54,1
179,55,1
179,56,1
179,57,1
179,58,1
179,59,1
179,60,1
179,13,2.5
179,3,1
179,6,2.5
179,15,4
179,20,5
180,50,5
180,51,5
180,52,5
180,53,5
180,54,1
180,55,1
180,56,1
180,57,1
180,58,1
180,59,1
180,60,1
180,5,1
180,12,1
180,16,4
180,3,1
180,19,4
181,50,5
181,51,5
181,52,5
181,53,5
181,54,1
181,55,1
181,56,1
181,57,1
181,58,1
181,59,1
181,60,1
181,11,5
181,12,1
181,14,5
181,6,2.5
181,19,4
182,50,5
182,51,5
182,52,5
182,53,5
182,54,1
182,55,1
182,56,1
182,57,1
182,58,1
182,59,1
182,60,1
182,12,1
182,16,4
182,12,1
182,20,5
182,13,2.5
183,50,5
183,51,5
183,52,5
183,53,5
183,54,1
183,55,1
183,56,1
183,57,1
183,58,1
183,59,1
183,60,1
183,8,4
183,17,1
183,19,4
183,9,2.5
183,2,4
184,50,5
184,51,5
184,52,5
184,53,5
184,54,1
184,55,1
184,56,1
184,57,1
184,58,1
184,59,1
184,60,1
184,12,1
184,4,4
184,14,5
184,2,4
184,4,4
185,50,5
185,51,5
185,52,5
185,53,5
185,54,1
185,55,1
185,56,1
185,57,1
185,58,1
185,59,1
185,60,1
185,10,4
185,4,4
185,12,1
185,12,1
185,15,4
186,50,5
186,51,5
186,52,5
186,53,5
186,54,1
186,55,1
186,56,1
186,57,1
186,58,1
186,59,1
186,60,1
186,17,1
186,12,1
186,5,1
186,13,2.5
186,1,4
187,50,5
187,51,5
187,52,5
187,53,5
187,54,1
187,55,1
187,56,1
187,57,1
187,58,1
187,59,1
187,60,1
187,20,5
187,3,1
187,15,4
187,16,4
187,10,4
188,50,5
188,51,5
188,52,5
188,53,5
188,54,1
188,55,1
188,56,1
188,57,1
188,58,1
188,59,1
188,60,1
188,3,1
188,14,5
188,3,1
188,19,4
188,1,4
189,50,5
189,51,5
189,52,5
189,53,5
189,54,1
189,55,1
189,56,1
189,57,1
189,58,1
189,59,1
189,60,1
189,9,2.5
189,10,4
189,16,4
189,14,5
189,6,2.5
190,50,5
190,51,5
190,52,5
190,53,5
190,54,1
190,55,1
190,56,1
190,57,1
190,58,1
190,59,1
190,60,1
190,15,4
190,12,1
190,6,2.5
190,15,4
190,17,1
191,50,5
191,51,5
191,52,5
191,53,5
191,54,1
191,55,1
191,56,1
191,57,1
191,58,1
191,59,1
191,60,1
191,15,4
191,1,4
191,13,2.5
191,8,4
191,14,5
192,50,5
192,51,5
192,52,5
192,53,5
192,54,1
192,55,1
192,56,1
192,57,1
192,58,1
192,59,1
192,60,1
192,14,5
192,12,1
192,6,2.5
192,11,5
192,5,1
193,50,5
193,51,5
193,52,5
193,53,5
193,54,1
193,55,1
193,56,1
193,57,1
193,58,1
193,59,1
193,60,1
193,11,5
193,14,5
193,4,4
193,5,1
193,13,2.5
194,50,5
194,51,5
194,52,5
194,53,5
194,54,1
194,55,1
194,56,1
194,57,1
194,58,1
194,59,1
194,60,1
194,19,4
194,18,1
194,19,4
194,6,2.5
194,2,4
195,50,5
195,51,5
195,52,5
195,53,5
195,54,1
195,55,1
195,56,1
195,57,1
195,58,1
195,59,1
195,60,1
195,9,2.5
195,16,4
195,9,2.5
195,16,4
195,3,1
196,50,5
196,51,5
196,52,5
196,53,5
196,54,1
196,55,1
196,56,1
196,57,1
196,58,1
196,59,1
196,60,1
196,17,1
196,7,2.5
196,16,4
196,2,4
196,6,2.5
197,50,5
197,51,5
197,52,5
197,53,5
197,54,1
197,55,1
197,56,1
197,57,1
197,58,1
197,59,1
197,60,1
197,2,4
197,10,4
197,5,1
197,12,1
197,20,5
198,50,5
198,51,5
198,52,5
198,53,5
198,54,1
198,55,1
198,56,1
198,57,1
198,58,1
198,59,1
198,60,1
198,3,1
198,1,4
198,6,2.5
198,18,1
198,19,4
199,50,5
199,51,5
199,52,5
199,53,5
199,54,1
199,55,1
199,56,1
199,57,1
199,58,1
199,59,1
199,60,1
199,6,2.5
199,8,4
199,18,1
199,13,2.5
199,14,5
300,50,1
300,51,1
300,52,1
300,53,1
300,54,1
300,55,1
300,56,1
300,57,1
300,58,5
300,59,5
300,60,5
300,7,5
300,2,1
300,7,5
300,1,4
300,4,1
301,50,1
301,51,1
301,52,1
301,53,1
301,54,1
301,55,1
301,56,1
301,57,1
301,58,5
301,59,5
301,60,5
301,14,2.5
301,5,5
301,1,4
301,1,4
301,20,1
302,50,1
302,51,1
302,52,1
302,53,1
302,54,1
302,55,1
302,56,1
302,57,1
302,58,5
302,59,5
302,60,5
302,20,1
302,5,5
302,11,1
302,19,2.5
302,16,1
303,50,1
303,51,1
303,52,1
303,53,1
303,54,1
303,55,1
303,56,1
303,57,1
303,58,5
303,59,5
303,60,5
303,13,5
303,14,2.5
303,16,1
303,11,1
303,10,1
304,50,1
304,51,1
304,52,1
304,53,1
304,54,1
304,55,1
304,56,1
304,57,1
304,58,5
304,59,5
304,60,5
304,17,5
304,7,5
304,15,2.5
304,5,5
304,16,1
305,50,1
305,51,1
305,52,1
305,53,1
305,54,1
305,55,1
305,56,1
305,57,1
305,58,5
305,59,5
305,60,5
305,2,1
305,17,5
305,2,1
305,7,5
305,15,2.5
306,50,1
306,51,1
306,52,1
306,53,1
306,54,1
306,55,1
306,56,1
306,57,1
306,58,5
306,59,5
306,60,5
306,13,5
306,14,2.5
306,8,2.5
306,1,4
306,7,5
307,50,1
307,51,1
307,52,1
307,53,1
307,54,1
307,55,1
307,56,1
307,57,1
307,58,5
307,59,5
307,60,5
307,17,5
307,9,5
307,16,1
307,16,1
307,2,1
308,50,1
308,51,1
308,52,1
308,53,1
308,54,1
308,55,1
308,56,1
308,57,1
308,58,5
308,59,5
308,60,5
308,5,5
308,15,2.5
308,11,1
308,12,1
308,4,1
309,50,1
309,51,1
309,52,1
309,53,1
309,54,1
309,55,1
309,56,1
309,57,1
309,58,5
309,59,5
309,60,5
309,10,1
309,4,1
309,14,2.5
309,12,1
309,16,1
310,50,1
310,51,1
310,52,1
310,53,1
310,54,1
310,55,1
310,56,1
310,57,1
310,58,5
310,59,5
310,60,5
310,2,1
310,10,1
310,1,4
310,3,5
310,3,5
311,50,1
311,51,1
311,52,1
311,53,1
311,54,1
311,55,1
311,56,1
311,57,1
311,58,5
311,59,5
311,60,5
311,18,5
311,8,2.5
311,5,5
311,2,1
311,19,2.5
312,50,1
312,51,1
312,52,1
312,53,1
312,54,1
312,55,1
312,56,1
312,57,1
312,58,5
312,59,5
312,60,5
312,14,2.5
312,11,1
312,10,1
312,12,1
312,10,1
313,50,1
313,51,1
313,52,1
313,53,1
313,54,1
313,55,1
313,56,1
313,57,1
313,58,5
313,59,5
313,60,5
313,16,1
313,1,4
313,8,2.5
313,4,1
313,13,5
314,50,1
314,51,1
314,52,1
314,53,1
314,54,1
314,55,1
314,56,1
314,57,1
314,58,5
314,59,5
314,60,5
314,16,1
314,3,5
314,1,4
314,8,2.5
314,14,2.5
315,50,1
315,51,1
315,52,1
315,53,1
315,54,1
315,55,1
315,56,1
315,57,1
315,58,5
315,59,5
315,60,5
315,2,1
315,12,1
315,1,4
315,10,1
315,12,1
316,50,1
316,51,1
316,52,1
316,53,1
316,54,1
316,55,1
316,56,1
316,57,1
316,58,5
316,59,5
316,60,5
316,15,2.5
316,14,2.5
316,9,5
316,16,1
316,20,1
317,50,1
317,51,1
317,52,1
317,53,1
317,54,1
317,55,1
317,56,1
317,57,1
317,58,5
317,59,5
317,60,5
317,10,1
317,11,1
317,2,1
317,9,5
317,16,1
318,50,1
318,51,1
318,52,1
318,53,1
318,54,1
318,55,1
318,56,1
318,57,1
318,58,5
318,59,5
318,60,5
318,13,5
318,5,5
318,13,5
318,7,5
318,2,1
319,50,1
319,51,1
319,52,1
319,53,1
319,54,1
319,55,1
319,56,1
319,57,1
319,58,5
319,59,5
319,60,5
319,13,5
319,9,5
319,14,2.5
319,14,2.5
319,13,5
320,50,1
320,51,1
320,52,1
320,53,1
320,54,1
320,55,1
320,56,1
320,57,1
320,58,5
320,59,5
320,60,5
320,7,5
320,12,1
320,17,5
320,11,1
320,6,1
321,50,1
321,51,1
321,52,1
321,53,1
321,54,1
321,55,1
321,56,1
321,57,1
321,58,5
321,59,5
321,60,5
321,13,5
321,10,1
321,4,1
321,16,1
321,14,2.5
322,50,1
322,51,1
322,52,1
322,53,1
322,54,1
322,55,1
322,56,1
322,57,1
322,58,5
322,59,5
322,60,5
322,2,1
322,4,1
322,11,1
322,1,4
322,13,5
323,50,1
323,51,1
323,52,1
323,53,1
323,54,1
323,55,1
323,56,1
323,57,1
323,58,5
323,59,5
323,60,5
323,3,5
323,17,5
323,18,5
323,9,5
323,7,5
324,50,1
324,51,1
324,52,1
324,53,1
324,54,1
324,55,1
324,56,1
324,57,1
324,58,5
324,59,5
324,60,5
324,6,1
324,14,2.5
324,7,5
324,18,5
324,5,5
325,50,1
325,51,1
325,52,1
325,53,1
325,54,1
325,55,1
325,56,1
325,57,1
325,58,5
325,59,5
325,60,5
325,16,1
325,18,5
325,3,5
325,2,1
325,6,1
326,50,1
326,51,1
326,52,1
326,53,1
326,54,1
326,55,1
326,56,1
326,57,1
326,58,5
326,59,5
326,60,5
326,9,5
326,16,1
326,18,5
326,18,5
326,11,1
327,50,1
327,51,1
327,52,1
327,53,1
327,54,1
327,55,1
327,56,1
327,57,1
327,58,5
327,59,5
327,60,5
327,18,5
327,1,4
327,2,1
327,16,1
327,10,1
328,50,1
328,51,1
328,52,1
328,53,1
328,54,1
328,55,1
328,56,1
328,57,1
328,58,5
328,59,5
328,60,5
328,12,1
328,20,1
328,12,1
328,15,2.5
328,5,5
329,50,1
329,51,1
329,52,1
329,53,1
329,54,1
329,55,1
329,56,1
329,57,1
329,58,5
329,59,5
329,60,5
329,11,1
329,2,1
329,6,1
329,12,1
329,3,5
330,50,1
330,51,1
330,52,1
330,53,1
330,54,1
330,55,1
330,56,1
330,57,1
330,58,5
330,59,5
330,60,5
330,15,2.5
330,5,5
330,20,1
330,8,2.5
330,2,1
331,50,1
331,51,1
331,52,1
331,53,1
331,54,1
331,55,1
331,56,1
331,57,1
331,58,5
331,59,5
331,60,5
331,10,1
331,7,5
331,18,5
331,20,1
331,11,1
332,50,1
332,51,1
332,52,1
332,53,1
332,54,1
332,55,1
332,56,1
332,57,1
332,58,5
332,59,5
332,60,5
332,1,4
332,1,4
332,5,5
332,17,5
332,2,1
333,50,1
333,51,1
333,52,1
333,53,1
333,54,1
333,55,1
333,56,1
333,57,1
333,58,5
333,59,5
333,60,5
333,16,1
333,1,4
333,5,5
333,19,2.5
333,14,2.5
334,50,1
334,51,1
334,52,1
334,53,1
334,54,1
334,55,1
334,56,1
334,57,1
334,58,5
334,59,5
334,60,5
334,8,2.5
334,3,5
334,7,5
334,15,2.5
334,4,1
335,50,1
335,51,1
335,52,1
335,53,1
335,54,1
335,55,1
335,56,1
335,57,1
335,58,5
335,59,5
335,60,5
335,10,1
335,6,1
335,20,1
335,6,1
335,1,4
336,50,1
336,51,1
336,52,1
336,53,1
336,54,1
336,55,1
336,56,1
336,57,1
336,58,5
336,59,5
336,60,5
336,1,4
336,20,1
336,11,1
336,8,2.5
336,16,1
337,50,1
337,51,1
337,52,1
337,53,1
337,54,1
337,55,1
337,56,1
337,57,1
337,58,5
337,59,5
337,60,5
337,6,1
337,2,1
337,3,5
337,18,5
337,3,5
338,50,1
338,51,1
338,52,1
338,53,1
338,54,1
338,55,1
338,56,1
338,57,1
338,58,5
338,59,5
338,60,5
338,13,5
338,17,5
338,14,2.5
338,13,5
338,6,1
339,50,1
339,51,1
339,52,1
339,53,1
339,54,1
339,55,1
339,56,1
339,57,1
339,58,5
339,59,5
339,60,5
339,5,5
339,7,5
339,2,1
339,17,5
339,1,4
340,50,1
340,51,1
340,52,1
340,53,1
340,54,1
340,55,1
340,56,1
340,57,1
340,58,5
340,59,5
340,60,5
340,14,2.5
340,6,1
340,20,1
340,10,1
340,15,2.5
341,50,1
341,51,1
341,52,1
341,53,1
341,54,1
341,55,1
341,56,1
341,57,1
341,58,5
341,59,5
341,60,5
341,8,2.5
341,2,1
341,15,2.5
341,3,5
341,6,1
342,50,1
342,51,1
342,52,1
342,53,1
342,54,1
342,55,1
342,56,1
342,57,1
342,58,5
342,59,5
342,60,5
342,16,1
342,19,2.5
342,16,1
342,5,5
342,16,1
343,50,1
343,51,1
343,52,1
343,53,1
343,54,1
343,55,1
343,56,1
343,57,1
343,58,5
343,59,5
343,60,5
343,1,4
343,20,1
343,6,1
343,8,2.5
343,11,1
344,50,1
344,51,1
344,52,1
344,53,1
344,54,1
344,55,1
344,56,1
344,57,1
344,58,5
344,59,5
344,60,5
344,6,1
344,7,5
344,3,5
344,1,4
344,11,1
345,50,1
345,51,1
345,52,1
345,53,1
345,54,1
345,55,1
345,56,1
345,57,1
345,58,5
345,59,5
345,60,5
345,12,1
345,13,5
345,12,1
345,11,1
345,9,5
346,50,1
346,51,1
346,52,1
346,53,1
346,54,1
346,55,1
346,56,1
346,57,1
346,58,5
346,59,5
346,60,5
346,8,2.5
346,10,1
346,13,5
346,7,5
346,3,5
347,50,1
347,51,1
347,52,1
347,53,1
347,54,1
347,55,1
347,56,1
347,57,1
347,58,5
347,59,5
347,60,5
347,6,1
347,2,1
347,12,1
347,13,5
347,9,5
348,50,1
348,51,1
348,52,1
348,53,1
348,54,1
348,55,1
348,56,1
348,57,1
348,58,5
348,59,5
348,60,5
348,9,5
348,10,1
348,11,1
348,16,1
348,15,2.5
349,50,1
349,51,1
349,52,1
349,53,1
349,54,1
349,55,1
349,56,1
349,57,1
349,58,5
349,59,5
349,60,5
349,1,4
349,17,5
349,16,1
349,10,1
349,17,5
350,50,1
350,51,1
350,52,1
350,53,1
350,54,1
350,55,1
350,56,1
350,57,1
350,58,5
350,59,5
350,60,5
350,15,2.5
350,6,1
350,16,1
350,17,5
350,6,1
351,50,1
351,51,1
351,52,1
351,53,1
351,54,1
351,55,1
351,56,1
351,57,1
351,58,5
351,59,5
351,60,5
351,8,2.5
351,4,1
351,18,5
351,8,2.5
351,19,2.5
352,50,1
352,51,1
352,52,1
352,53,1
352,54,1
352,55,1
352,56,1
352,57,1
352,58,5
352,59,5
352,60,5
352,1,4
352,18,5
352,13,5
352,1,4
352,2,1
353,50,1
353,51,1
353,52,1
353,53,1
353,54,1
353,55,1
353,56,1
353,57,1
353,58,5
353,59,5
353,60,5
353,8,2.5
353,3,5
353,17,5
353,3,5
353,4,1
354,50,1
354,51,1
354,52,1
354,53,1
354,54,1
354,55,1
354,56,1
354,57,1
354,58,5
354,59,5
354,60,5
354,19,2.5
354,6,1
354,1,4
354,18,5
354,19,2.5
355,50,1
355,51,1
355,52,1
355,53,1
355,54,1
355,55,1
355,56,1
355,57,1
355,58,5
355,59,5
355,60,5
355,11,1
355,4,1
355,12,1
355,9,5
355,12,1
356,50,1
356,51,1
356,52,1
356,53,1
356,54,1
356,55,1
356,56,1
356,57,1
356,58,5
356,59,5
356,60,5
356,4,1
356,6,1
356,4,1
356,6,1
356,17,5
357,50,1
357,51,1
357,52,1
357,53,1
357,54,1
357,55,1
357,56,1
357,57,1
357,58,5
357,59,5
357,60,5
357,8,2.5
357,4,1
357,8,2.5
357,3,5
357,15,2.5
358,50,1
358,51,1
358,52,1
358,53,1
358,54,1
358,55,1
358,56,1
358,57,1
358,58,5
358,59,5
358,60,5
358,6,1
358,3,5
358,14,2.5
358,9,5
358,15,2.5
359,50,1
359,51,1
359,52,1
359,53,1
359,54,1
359,55,1
359,56,1
359,57,1
359,58,5
359,59,5
359,60,5
359,18,5
359,9,5
359,15,2.5
359,11,1
359,7,5
360,50,1
360,51,1
360,52,1
360,53,1
360,54,1
360,55,1
360,56,1
360,57,1
360,58,5
360,59,5
360,60,5
360,8,2.5
360,20,1
360,13,5
360,17,5
360,6,1
361,50,1
361,51,1
361,52,1
361,53,1
361,54,1
361,55,1
361,56,1
361,57,1
361,58,5
361,59,5
361,60,5
361,19,2.5
361,7,5
361,9,5
361,17,5
361,12,1
362,50,1
362,51,1
362,52,1
362,53,1
362,54,1
362,55,1
362,56,1
362,57,1
362,58,5
362,59,5
362,60,5
362,9,5
362,20,1
362,9,5
362,6,1
362,5,5
363,50,1
363,51,1
363,52,1
363,53,1
363,54,1
363,55,1
363,56,1
363,57,1
363,58,5
363,59,5
363,60,5
363,6,1
363,5,5
363,13,5
363,13,5
363,18,5
364,50,1
364,51,1
364,52,1
364,53,1
364,54,1
364,55,1
364,56,1
364,57,1
364,58,5
364,59,5
364,60,5
364,3,5
364,18,5
364,12,1
364,10,1
364,6,1
365,50,1
365,51,1
365,52,1
365,53,1
365,54,1
365,55,1
365,56,1
365,57,1
365,58,5
365,59,5
365,60,5
365,13,5
365,15,2.5
365,19,2.5
365,4,1
365,11,1
366,50,1
366,51,1
366,52,1
366,53,1
366,54,1
366,55,1
366,56,1
366,57,1
366,58,5
366,59,5
366,60,5
366,20,1
366,16,1
366,20,1
366,5,5
366,16,1
367,50,1
367,51,1
367,52,1
367,53,1
367,54,1
367,55,1
367,56,1
367,57,1
367,58,5
367,59,5
367,60,5
367,18,5
367,15,2.5
367,9,5
367,8,2.5
367,13,5
368,50,1
368,51,1
368,52,1
368,53,1
368,54,1
368,55,1
368,56,1
368,57,1
368,58,5
368,59,5
368,60,5
368,12,1
368,20,1
368,5,5
368,1,4
368,8,2.5
369,50,1
369,51,1
369,52,1
369,53,1
369,54,1
369,55,1
369,56,1
369,57,1
369,58,5
369,59,5
369,60,5
369,16,1
369,19,2.5
369,12,1
369,20,1
369,4,1
370,50,1
370,51,1
370,52,1
370,53,1
370,54,1
370,55,1
370,56,1
370,57,1
370,58,5
370,59,5
370,60,5
370,12,1
370,6,1
370,8,2.5
370,16,1
370,6,1
371,50,1
371,51,1
371,52,1
371,53,1
371,54,1
371,55,1
371,56,1
371,57,1
371,58,5
371,59,5
371,60,5
371,16,1
371,6,1
371,7,5
371,17,5
371,8,2.5
372,50,1
372,51,1
372,52,1
372,53,1
372,54,1
372,55,1
372,56,1
372,57,1
372,58,5
372,59,5
372,60,5
372,15,2.5
372,6,1
372,3,5
372,16,1
372,20,1
373,50,1
373,51,1
373,52,1
373,53,1
373,54,1
373,55,1
373,56,1
373,57,1
373,58,5
373,59,5
373,60,5
373,14,2.5
373,4,1
373,1,4
373,12,1
373,13,5
374,50,1
374,51,1
374,52,1
374,53,1
374,54,1
374,55,1
374,56,1
374,57,1
374,58,5
374,59,5
374,60,5
374,3,5
374,13,5
374,11,1
374,1,4
374,6,1
375,50,1
375,51,1
375,52,1
375,53,1
375,54,1
375,55,1
375,56,1
375,57,1
375,58,5
375,59,5
375,60,5
375,13,5
375,15,2.5
375,16,1
375,17,5
375,8,2.5
376,50,1
376,51,1
376,52,1
376,53,1
376,54,1
376,55,1
376,56,1
376,57,1
376,58,5
376,59,5
376,60,5
376,15,2.5
376,14,2.5
376,6,1
376,18,5
376,5,5
377,50,1
377,51,1
377,52,1
377,53,1
377,54,1
377,55,1
377,56,1
377,57,1
377,58,5
377,59,5
377,60,5
377,2,1
377,5,5
377,19,2.5
377,4,1
377,16,1
378,50,1
378,51,1
378,52,1
378,53,1
378,54,1
378,55,1
378,56,1
378,57,1
378,58,5
378,59,5
378,60,5
378,14,2.5
378,11,1
378,15,2.5
378,17,5
378,1,4
379,50,1
379,51,1
379,52,1
379,53,1
379,54,1
379,55,1
379,56,1
379,57,1
379,58,5
379,59,5
379,60,5
379,15,2.5
379,2,1
379,9,5
379,11,1
379,20,1
380,50,1
380,51,1
380,52,1
380,53,1
380,54,1
380,55,1
380,56,1
380,57,1
380,58,5
380,59,5
380,60,5
380,11,1
380,1,4
380,2,1
380,13,5
380,9,5
381,50,1
381,51,1
381,52,1
381,53,1
381,54,1
381,55,1
381,56,1
381,57,1
381,58,5
381,59,5
381,60,5
381,20,1
381,17,5
381,15,2.5
381,1,4
381,9,5
382,50,1
382,51,1
382,52,1
382,53,1
382,54,1
382,55,1
382,56,1
382,57,1
382,58,5
382,59,5
382,60,5
382,4,1
382,1,4
382,15,2.5
382,3,5
382,7,5
383,50,1
383,51,1
383,52,1
383,53,1
383,54,1
383,55,1
383,56,1
383,57,1
383,58,5
383,59,5
383,60,5
383,19,2.5
383,9,5
383,3,5
383,19,2.5
383,10,1
384,50,1
384,51,1
384,52,1
384,53,1
384,54,1
384,55,1
384,56,1
384,57,1
384,58,5
384,59,5
384,60,5
384,9,5
384,3,5
384,5,5
384,1,4
384,18,5
385,50,1
385,51,1
385,52,1
385,53,1
385,54,1
385,55,1
385,56,1
385,57,1
385,58,5
385,59,5
385,60,5
385,14,2.5
385,3,5
385,9,5
385,2,1
385,13,5
386,50,1
386,51,1
386,52,1
386,53,1
386,54,1
386,55,1
386,56,1
386,57,1
386,58,5
386,59,5
386,60,5
386,4,1
386,1,4
386,20,1
386,3,5
386,18,5
387,50,1
387,51,1
387,52,1
387,53,1
387,54,1
387,55,1
387,56,1
387,57,1
387,58,5
387,59,5
387,60,5
387,2,1
387,13,5
387,3,5
387,1,4
387,3,5
388,50,1
388,51,1
388,52,1
388,53,1
388,54,1
388,55,1
388,56,1
388,57,1
388,58,5
388,59,5
388,60,5
388,13,5
388,5,5
388,10,1
388,2,1
388,14,2.5
389,50,1
389,51,1
389,52,1
389,53,1
389,54,1
389,55,1
389,56,1
389,57,1
389,58,5
389,59,5
389,60,5
389,4,1
389,14,2.5
389,11,1
389,9,5
389,10,1
390,50,1
390,51,1
390,52,1
390,53,1
390,54,1
390,55,1
390,56,1
390,57,1
390,58,5
390,59,5
390,60,5
390,16,1
390,15,2.5
390,17,5
390,11,1
390,5,5
391,50,1
391,51,1
391,52,1
391,53,1
391,54,1
391,55,1
391,56,1
391,57,1
391,58,5
391,59,5
391,60,5
391,6,1
391,15,2.5
391,7,5
391,5,5
391,10,1
392,50,1
392,51,1
392,52,1
392,53,1
392,54,1
392,55,1
392,56,1
392,57,1
392,58,5
392,59,5
392,60,5
392,9,5
392,5,5
392,18,5
392,4,1
392,14,2.5
393,50,1
393,51,1
393,52,1
393,53,1
393,54,1
393,55,1
393,56,1
393,57,1
393,58,5
393,59,5
393,60,5
393,11,1
393,11,1
393,8,2.5
393,8,2.5
393,6,1
394,50,1
394,51,1
394,52,1
394,53,1
394,54,1
394,55,1
394,56,1
394,57,1
394,58,5
394,59,5
394,60,5
394,3,5
394,17,5
394,14,2.5
394,7,5
394,14,2.5
395,50,1
395,51,1
395,52,1
395,53,1
395,54,1
395,55,1
395,56,1
395,57,1
395,58,5
395,59,5
395,60,5
395,3,5
395,14,2.5
395,14,2.5
395,11,1
395,3,5
396,50,1
396,51,1
396,52,1
396,53,1
396,54,1
396,55,1
396,56,1
396,57,1
396,58,5
396,59,5
396,60,5
396,11,1
396,4,1
396,6,1
396,19,2.5
396,6,1
397,50,1
397,51,1
397,52,1
397,53,1
397,54,1
397,55,1
397,56,1
397,57,1
397,58,5
397,59,5
397,60,5
397,8,2.5
397,7,5
397,14,2.5
397,5,5
397,6,1
398,50,1
398,51,1
398,52,1
398,53,1
398,54,1
398,55,1
398,56,1
398,57,1
398,58,5
398,59,5
398,60,5
398,1,4
398,6,1
398,12,1
398,19,2.5
398,20,1
399,50,1
399,51,1
399,52,1
399,53,1
399,54,1
399,55,1
399,56,1
399,57,1
399,58,5
399,59,5
399,60,5
399,15,2.5
399,6,1
399,15,2.5
399,2,1
399,19,2.5
1,50,5
1,51,5
1,52,5
1,53,5
1,54,1
1,55,1
1,56,1
1,57,1
1,58,1
1,59,1
1,60,1
3,50,1
3,51,1
3,52,1
3,53,1
3,54,5
3,55,5
3,56,5
3,57,5
3,58,1
3,59,1
3,60,1
